"Data Source","World Development Indicators",

"Last Updated Date","2022-09-16",

"Country Name","Country Code","Indicator Name","Indicator Code","1960","1961","1962","1963","1964","1965","1966","1967","1968","1969","1970","1971","1972","1973","1974","1975","1976","1977","1978","1979","1980","1981","1982","1983","1984","1985","1986","1987","1988","1989","1990","1991","1992","1993","1994","1995","1996","1997","1998","1999","2000","2001","2002","2003","2004","2005","2006","2007","2008","2009","2010","2011","2012","2013","2014","2015","2016","2017","2018","2019","2020","2021",
"Aruba","ABW","Prevalence of severe food insecurity in the population (%)","SN.ITK.SVFI.ZS","","","","","","","","","","","","","","","","","","","","","","","","","","","","","","","","","","","","","","","","","","","","","","","","","","","","","","","","","","","","","","",
"Africa Eastern and Southern","AFE","Prevalence of severe food insecurity in the population (%)","SN.ITK.SVFI.ZS","","","","","","","","","","","","","","","","","","","","","","","","","","","","","","","","","","","","","","","","","","","","","","","","","","","","","","","","","","","","","","",
"Afghanistan","AFG","Prevalence of severe food insecurity in the population (%)","SN.ITK.SVFI.ZS","","","","","","","","","","","","","","","","","","","","","","","","","","","","","","","","","","","","","","","","","","","","","","","","","","","","","","","","14.8","15.1","17.3","17.3","19.8","22.5","",
"Africa Western and Central","AFW","Prevalence of severe food insecurity in the population (%)","SN.ITK.SVFI.ZS","","","","","","","","","","","","","","","","","","","","","","","","","","","","","","","","","","","","","","","","","","","","","","","","","","","","","","","","","","","","","","",
"Angola","AGO","Prevalence of severe food insecurity in the population (%)","SN.ITK.SVFI.ZS","","","","","","","","","","","","","","","","","","","","","","","","","","","","","","","","","","","","","","","","","","","","","","","","","","","","","","","","21","","","24","26.9","30.4","",
"Albania","ALB","Prevalence of severe food insecurity in the population (%)","SN.ITK.SVFI.ZS","","","","","","","","","","","","","","","","","","","","","","","","","","","","","","","","","","","","","","","","","","","","","","","","","","","","","","","","10","10.5","11","10","8.8","7.7","",
"Andorra","AND","Prevalence of severe food insecurity in the population (%)","SN.ITK.SVFI.ZS","","","","","","","","","","","","","","","","","","","","","","","","","","","","","","","","","","","","","","","","","","","","","","","","","","","","","","","","","","","","","","",
"Arab World","ARB","Prevalence of severe food insecurity in the population (%)","SN.ITK.SVFI.ZS","","","","","","","","","","","","","","","","","","","","","","","","","","","","","","","","","","","","","","","","","","","","","","","","","","","","","","","","","","","","","","",
"United Arab Emirates","ARE","Prevalence of severe food insecurity in the population (%)","SN.ITK.SVFI.ZS","","","","","","","","","","","","","","","","","","","","","","","","","","","","","","","","","","","","","","","","","","","","","","","","","","","","","","","","","","","","","0.8","",
"Argentina","ARG","Prevalence of severe food insecurity in the population (%)","SN.ITK.SVFI.ZS","","","","","","","","","","","","","","","","","","","","","","","","","","","","","","","","","","","","","","","","","","","","","","","","","","","","","","","","5.8","8.6","11.2","12.9","12.6","13","",
"Armenia","ARM","Prevalence of severe food insecurity in the population (%)","SN.ITK.SVFI.ZS","","","","","","","","","","","","","","","","","","","","","","","","","","","","","","","","","","","","","","","","","","","","","","","","","","","","","","","","","","1.2","1.1","1.1","1","",
"American Samoa","ASM","Prevalence of severe food insecurity in the population (%)","SN.ITK.SVFI.ZS","","","","","","","","","","","","","","","","","","","","","","","","","","","","","","","","","","","","","","","","","","","","","","","","","","","","","","","","","","","","","","",
"Antigua and Barbuda","ATG","Prevalence of severe food insecurity in the population (%)","SN.ITK.SVFI.ZS","","","","","","","","","","","","","","","","","","","","","","","","","","","","","","","","","","","","","","","","","","","","","","","","","","","","","","","","","","","","","7.1","",
"Australia","AUS","Prevalence of severe food insecurity in the population (%)","SN.ITK.SVFI.ZS","","","","","","","","","","","","","","","","","","","","","","","","","","","","","","","","","","","","","","","","","","","","","","","","","","","","","","","","2.8","3.4","3.6","3.8","3.3","3.6","",
"Austria","AUT","Prevalence of severe food insecurity in the population (%)","SN.ITK.SVFI.ZS","","","","","","","","","","","","","","","","","","","","","","","","","","","","","","","","","","","","","","","","","","","","","","","","","","","","","","","","1.1","1.2","1.1","1.1","0.9","1.3","",
"Azerbaijan","AZE","Prevalence of severe food insecurity in the population (%)","SN.ITK.SVFI.ZS","","","","","","","","","","","","","","","","","","","","","","","","","","","","","","","","","","","","","","","","","","","","","","","","","","","","","","","","0","0","0","0","0","0","",
"Burundi","BDI","Prevalence of severe food insecurity in the population (%)","SN.ITK.SVFI.ZS","","","","","","","","","","","","","","","","","","","","","","","","","","","","","","","","","","","","","","","","","","","","","","","","","","","","","","","","","","","","","","",
"Belgium","BEL","Prevalence of severe food insecurity in the population (%)","SN.ITK.SVFI.ZS","","","","","","","","","","","","","","","","","","","","","","","","","","","","","","","","","","","","","","","","","","","","","","","","","","","","","","","","","","","","1.1","1.3","",
"Benin","BEN","Prevalence of severe food insecurity in the population (%)","SN.ITK.SVFI.ZS","","","","","","","","","","","","","","","","","","","","","","","","","","","","","","","","","","","","","","","","","","","","","","","","","","","","","","","","10.4","13.1","14.4","14.2","13.8","13.8","",
"Burkina Faso","BFA","Prevalence of severe food insecurity in the population (%)","SN.ITK.SVFI.ZS","","","","","","","","","","","","","","","","","","","","","","","","","","","","","","","","","","","","","","","","","","","","","","","","","","","","","","","","10","10.9","11.7","12.6","15.4","18.5","",
"Bangladesh","BGD","Prevalence of severe food insecurity in the population (%)","SN.ITK.SVFI.ZS","","","","","","","","","","","","","","","","","","","","","","","","","","","","","","","","","","","","","","","","","","","","","","","","","","","","","","","","13.3","12.4","11.6","10.6","10.5","10.7","",
"Bulgaria","BGR","Prevalence of severe food insecurity in the population (%)","SN.ITK.SVFI.ZS","","","","","","","","","","","","","","","","","","","","","","","","","","","","","","","","","","","","","","","","","","","","","","","","","","","","","","","","1.9","2.4","2.1","1.9","2.4","2.9","",
"Bahrain","BHR","Prevalence of severe food insecurity in the population (%)","SN.ITK.SVFI.ZS","","","","","","","","","","","","","","","","","","","","","","","","","","","","","","","","","","","","","","","","","","","","","","","","","","","","","","","","","","","","","","",
"Bahamas, The","BHS","Prevalence of severe food insecurity in the population (%)","SN.ITK.SVFI.ZS","","","","","","","","","","","","","","","","","","","","","","","","","","","","","","","","","","","","","","","","","","","","","","","","","","","","","","","","","","","","","3.4","",
"Bosnia and Herzegovina","BIH","Prevalence of severe food insecurity in the population (%)","SN.ITK.SVFI.ZS","","","","","","","","","","","","","","","","","","","","","","","","","","","","","","","","","","","","","","","","","","","","","","","","","","","","","","","","1.5","1.8","1.3","1.5","2","2.8","",
"Belarus","BLR","Prevalence of severe food insecurity in the population (%)","SN.ITK.SVFI.ZS","","","","","","","","","","","","","","","","","","","","","","","","","","","","","","","","","","","","","","","","","","","","","","","","","","","","","","","","","","","","","","",
"Belize","BLZ","Prevalence of severe food insecurity in the population (%)","SN.ITK.SVFI.ZS","","","","","","","","","","","","","","","","","","","","","","","","","","","","","","","","","","","","","","","","","","","","","","","","","","","","","","","","","","","6.1","6","6","",
"Bermuda","BMU","Prevalence of severe food insecurity in the population (%)","SN.ITK.SVFI.ZS","","","","","","","","","","","","","","","","","","","","","","","","","","","","","","","","","","","","","","","","","","","","","","","","","","","","","","","","","","","","","","",
"Bolivia","BOL","Prevalence of severe food insecurity in the population (%)","SN.ITK.SVFI.ZS","","","","","","","","","","","","","","","","","","","","","","","","","","","","","","","","","","","","","","","","","","","","","","","","","","","","","","","","","","","","","","",
"Brazil","BRA","Prevalence of severe food insecurity in the population (%)","SN.ITK.SVFI.ZS","","","","","","","","","","","","","","","","","","","","","","","","","","","","","","","","","","","","","","","","","","","","","","","","","","","","","","","","1.9","1.8","1.7","1.6","3.5","7.3","",
"Barbados","BRB","Prevalence of severe food insecurity in the population (%)","SN.ITK.SVFI.ZS","","","","","","","","","","","","","","","","","","","","","","","","","","","","","","","","","","","","","","","","","","","","","","","","","","","","","","","","","","","","","7.4","",
"Brunei Darussalam","BRN","Prevalence of severe food insecurity in the population (%)","SN.ITK.SVFI.ZS","","","","","","","","","","","","","","","","","","","","","","","","","","","","","","","","","","","","","","","","","","","","","","","","","","","","","","","","","","","","","","",
"Bhutan","BTN","Prevalence of severe food insecurity in the population (%)","SN.ITK.SVFI.ZS","","","","","","","","","","","","","","","","","","","","","","","","","","","","","","","","","","","","","","","","","","","","","","","","","","","","","","","","","","","","","","",
"Botswana","BWA","Prevalence of severe food insecurity in the population (%)","SN.ITK.SVFI.ZS","","","","","","","","","","","","","","","","","","","","","","","","","","","","","","","","","","","","","","","","","","","","","","","","","","","","","","","","18.4","21.5","22.8","23","23.7","25.4","",
"Central African Republic","CAF","Prevalence of severe food insecurity in the population (%)","SN.ITK.SVFI.ZS","","","","","","","","","","","","","","","","","","","","","","","","","","","","","","","","","","","","","","","","","","","","","","","","","","","","","","","","","","","","61.8","61.8","",
"Canada","CAN","Prevalence of severe food insecurity in the population (%)","SN.ITK.SVFI.ZS","","","","","","","","","","","","","","","","","","","","","","","","","","","","","","","","","","","","","","","","","","","","","","","","","","","","","","","","0.6","0.6","0.6","0.7","0.9","1","",
"Central Europe and the Baltics","CEB","Prevalence of severe food insecurity in the population (%)","SN.ITK.SVFI.ZS","","","","","","","","","","","","","","","","","","","","","","","","","","","","","","","","","","","","","","","","","","","","","","","","","","","","","","","","","","","","","","",
"Switzerland","CHE","Prevalence of severe food insecurity in the population (%)","SN.ITK.SVFI.ZS","","","","","","","","","","","","","","","","","","","","","","","","","","","","","","","","","","","","","","","","","","","","","","","","","","","","","","","","1.5","1.3","0.8","0.7","0","0","",
"Channel Islands","CHI","Prevalence of severe food insecurity in the population (%)","SN.ITK.SVFI.ZS","","","","","","","","","","","","","","","","","","","","","","","","","","","","","","","","","","","","","","","","","","","","","","","","","","","","","","","","","","","","","","",
"Chile","CHL","Prevalence of severe food insecurity in the population (%)","SN.ITK.SVFI.ZS","","","","","","","","","","","","","","","","","","","","","","","","","","","","","","","","","","","","","","","","","","","","","","","","","","","","","","","","2.9","3.1","3.4","3.6","3.6","3.8","",
"China","CHN","Prevalence of severe food insecurity in the population (%)","SN.ITK.SVFI.ZS","","","","","","","","","","","","","","","","","","","","","","","","","","","","","","","","","","","","","","","","","","","","","","","","","","","","","","","","","","","","","","",
"Cote d'Ivoire","CIV","Prevalence of severe food insecurity in the population (%)","SN.ITK.SVFI.ZS","","","","","","","","","","","","","","","","","","","","","","","","","","","","","","","","","","","","","","","","","","","","","","","","","","","","","","","","6.2","7.5","8.4","9.2","9.1","9.4","",
"Cameroon","CMR","Prevalence of severe food insecurity in the population (%)","SN.ITK.SVFI.ZS","","","","","","","","","","","","","","","","","","","","","","","","","","","","","","","","","","","","","","","","","","","","","","","","","","","","","","","","22.3","26.6","28.2","28.1","27.3","26.7","",
"Congo, Dem. Rep.","COD","Prevalence of severe food insecurity in the population (%)","SN.ITK.SVFI.ZS","","","","","","","","","","","","","","","","","","","","","","","","","","","","","","","","","","","","","","","","","","","","","","","","","","","","","","","","","","","","38.5","39.2","",
"Congo, Rep.","COG","Prevalence of severe food insecurity in the population (%)","SN.ITK.SVFI.ZS","","","","","","","","","","","","","","","","","","","","","","","","","","","","","","","","","","","","","","","","","","","","","","","","","","","","","","","","42.6","46.1","49.7","51.1","51.7","55.5","",
"Colombia","COL","Prevalence of severe food insecurity in the population (%)","SN.ITK.SVFI.ZS","","","","","","","","","","","","","","","","","","","","","","","","","","","","","","","","","","","","","","","","","","","","","","","","","","","","","","","","","","","","","","",
"Comoros","COM","Prevalence of severe food insecurity in the population (%)","SN.ITK.SVFI.ZS","","","","","","","","","","","","","","","","","","","","","","","","","","","","","","","","","","","","","","","","","","","","","","","","","","","","","","","","","","","","","27.4","",
"Cabo Verde","CPV","Prevalence of severe food insecurity in the population (%)","SN.ITK.SVFI.ZS","","","","","","","","","","","","","","","","","","","","","","","","","","","","","","","","","","","","","","","","","","","","","","","","","","","","","","","","","","9.6","8.6","7.6","6.4","",
"Costa Rica","CRI","Prevalence of severe food insecurity in the population (%)","SN.ITK.SVFI.ZS","","","","","","","","","","","","","","","","","","","","","","","","","","","","","","","","","","","","","","","","","","","","","","","","","","","","","","","","1.8","1.9","2.2","2.4","2.6","2.8","",
"Caribbean small states","CSS","Prevalence of severe food insecurity in the population (%)","SN.ITK.SVFI.ZS","","","","","","","","","","","","","","","","","","","","","","","","","","","","","","","","","","","","","","","","","","","","","","","","","","","","","","","","","","","","","","",
"Cuba","CUB","Prevalence of severe food insecurity in the population (%)","SN.ITK.SVFI.ZS","","","","","","","","","","","","","","","","","","","","","","","","","","","","","","","","","","","","","","","","","","","","","","","","","","","","","","","","","","","","","","",
"Curacao","CUW","Prevalence of severe food insecurity in the population (%)","SN.ITK.SVFI.ZS","","","","","","","","","","","","","","","","","","","","","","","","","","","","","","","","","","","","","","","","","","","","","","","","","","","","","","","","","","","","","","",
"Cayman Islands","CYM","Prevalence of severe food insecurity in the population (%)","SN.ITK.SVFI.ZS","","","","","","","","","","","","","","","","","","","","","","","","","","","","","","","","","","","","","","","","","","","","","","","","","","","","","","","","","","","","","","",
"Cyprus","CYP","Prevalence of severe food insecurity in the population (%)","SN.ITK.SVFI.ZS","","","","","","","","","","","","","","","","","","","","","","","","","","","","","","","","","","","","","","","","","","","","","","","","","","","","","","","","","","","","","","",
"Czech Republic","CZE","Prevalence of severe food insecurity in the population (%)","SN.ITK.SVFI.ZS","","","","","","","","","","","","","","","","","","","","","","","","","","","","","","","","","","","","","","","","","","","","","","","","","","","","","","","","0.7","0","0","0","0.8","1.6","",
"Germany","DEU","Prevalence of severe food insecurity in the population (%)","SN.ITK.SVFI.ZS","","","","","","","","","","","","","","","","","","","","","","","","","","","","","","","","","","","","","","","","","","","","","","","","","","","","","","","","1","0.8","0.7","0.7","0.7","1.1","",
"Djibouti","DJI","Prevalence of severe food insecurity in the population (%)","SN.ITK.SVFI.ZS","","","","","","","","","","","","","","","","","","","","","","","","","","","","","","","","","","","","","","","","","","","","","","","","","","","","","","","","","","","","","16.5","",
"Dominica","DMA","Prevalence of severe food insecurity in the population (%)","SN.ITK.SVFI.ZS","","","","","","","","","","","","","","","","","","","","","","","","","","","","","","","","","","","","","","","","","","","","","","","","","","","","","","","","","","","","","","",
"Denmark","DNK","Prevalence of severe food insecurity in the population (%)","SN.ITK.SVFI.ZS","","","","","","","","","","","","","","","","","","","","","","","","","","","","","","","","","","","","","","","","","","","","","","","","","","","","","","","","1","1.1","1.1","1.1","1.1","1.4","",
"Dominican Republic","DOM","Prevalence of severe food insecurity in the population (%)","SN.ITK.SVFI.ZS","","","","","","","","","","","","","","","","","","","","","","","","","","","","","","","","","","","","","","","","","","","","","","","","","","","","","","","","","","","","","","",
"Algeria","DZA","Prevalence of severe food insecurity in the population (%)","SN.ITK.SVFI.ZS","","","","","","","","","","","","","","","","","","","","","","","","","","","","","","","","","","","","","","","","","","","","","","","","","","","","","","","","13","12.7","11.4","9.3","6.9","6.2","",
"East Asia & Pacific (excluding high income)","EAP","Prevalence of severe food insecurity in the population (%)","SN.ITK.SVFI.ZS","","","","","","","","","","","","","","","","","","","","","","","","","","","","","","","","","","","","","","","","","","","","","","","","","","","","","","","1.3","1.3","1.9","2.2","2.2","1.8","","",
"Early-demographic dividend","EAR","Prevalence of severe food insecurity in the population (%)","SN.ITK.SVFI.ZS","","","","","","","","","","","","","","","","","","","","","","","","","","","","","","","","","","","","","","","","","","","","","","","","","","","","","","","","","","","","","","",
"East Asia & Pacific","EAS","Prevalence of severe food insecurity in the population (%)","SN.ITK.SVFI.ZS","","","","","","","","","","","","","","","","","","","","","","","","","","","","","","","","","","","","","","","","","","","","","","","","","","","","","","","1.3","1.2","1.8","2.1","2.1","1.7","","",
"Europe & Central Asia (excluding high income)","ECA","Prevalence of severe food insecurity in the population (%)","SN.ITK.SVFI.ZS","","","","","","","","","","","","","","","","","","","","","","","","","","","","","","","","","","","","","","","","","","","","","","","","","","","","","","","1.9","2.3","2.5","2.5","2.3","2.5","","",
"Europe & Central Asia","ECS","Prevalence of severe food insecurity in the population (%)","SN.ITK.SVFI.ZS","","","","","","","","","","","","","","","","","","","","","","","","","","","","","","","","","","","","","","","","","","","","","","","","","","","","","","","1.8","1.9","1.9","1.9","1.6","1.7","","",
"Ecuador","ECU","Prevalence of severe food insecurity in the population (%)","SN.ITK.SVFI.ZS","","","","","","","","","","","","","","","","","","","","","","","","","","","","","","","","","","","","","","","","","","","","","","","","","","","","","","","","6","7.1","8.4","9.9","11.6","12.8","",
"Egypt, Arab Rep.","EGY","Prevalence of severe food insecurity in the population (%)","SN.ITK.SVFI.ZS","","","","","","","","","","","","","","","","","","","","","","","","","","","","","","","","","","","","","","","","","","","","","","","","","","","","","","","","8.4","8.7","8.6","7.4","6.7","7.1","",
"Euro area","EMU","Prevalence of severe food insecurity in the population (%)","SN.ITK.SVFI.ZS","","","","","","","","","","","","","","","","","","","","","","","","","","","","","","","","","","","","","","","","","","","","","","","","","","","","","","","","","","","","","","",
"Eritrea","ERI","Prevalence of severe food insecurity in the population (%)","SN.ITK.SVFI.ZS","","","","","","","","","","","","","","","","","","","","","","","","","","","","","","","","","","","","","","","","","","","","","","","","","","","","","","","","","","","","","","",
"Spain","ESP","Prevalence of severe food insecurity in the population (%)","SN.ITK.SVFI.ZS","","","","","","","","","","","","","","","","","","","","","","","","","","","","","","","","","","","","","","","","","","","","","","","","","","","","","","","","1.1","1.3","1.4","1.8","1.8","2","",
"Estonia","EST","Prevalence of severe food insecurity in the population (%)","SN.ITK.SVFI.ZS","","","","","","","","","","","","","","","","","","","","","","","","","","","","","","","","","","","","","","","","","","","","","","","","","","","","","","","","0.9","0.8","1","0.9","0.8","0.8","",
"Ethiopia","ETH","Prevalence of severe food insecurity in the population (%)","SN.ITK.SVFI.ZS","","","","","","","","","","","","","","","","","","","","","","","","","","","","","","","","","","","","","","","","","","","","","","","","","","","","","","","","14.5","15","14.8","14.1","16.4","19.6","",
"European Union","EUU","Prevalence of severe food insecurity in the population (%)","SN.ITK.SVFI.ZS","","","","","","","","","","","","","","","","","","","","","","","","","","","","","","","","","","","","","","","","","","","","","","","","","","","","","","","","","","","","","","",
"Fragile and conflict affected situations","FCS","Prevalence of severe food insecurity in the population (%)","SN.ITK.SVFI.ZS","","","","","","","","","","","","","","","","","","","","","","","","","","","","","","","","","","","","","","","","","","","","","","","","","","","","","","","","","","","","","","",
"Finland","FIN","Prevalence of severe food insecurity in the population (%)","SN.ITK.SVFI.ZS","","","","","","","","","","","","","","","","","","","","","","","","","","","","","","","","","","","","","","","","","","","","","","","","","","","","","","","","2.4","2.3","2.1","2","1.9","2.4","",
"Fiji","FJI","Prevalence of severe food insecurity in the population (%)","SN.ITK.SVFI.ZS","","","","","","","","","","","","","","","","","","","","","","","","","","","","","","","","","","","","","","","","","","","","","","","","","","","","","","","","","","","","2","4.2","",
"France","FRA","Prevalence of severe food insecurity in the population (%)","SN.ITK.SVFI.ZS","","","","","","","","","","","","","","","","","","","","","","","","","","","","","","","","","","","","","","","","","","","","","","","","","","","","","","","","1.6","1.2","0.9","0.7","0.7","1","",
"Faroe Islands","FRO","Prevalence of severe food insecurity in the population (%)","SN.ITK.SVFI.ZS","","","","","","","","","","","","","","","","","","","","","","","","","","","","","","","","","","","","","","","","","","","","","","","","","","","","","","","","","","","","","","",
"Micronesia, Fed. Sts.","FSM","Prevalence of severe food insecurity in the population (%)","SN.ITK.SVFI.ZS","","","","","","","","","","","","","","","","","","","","","","","","","","","","","","","","","","","","","","","","","","","","","","","","","","","","","","","","","","","","","","",
"Gabon","GAB","Prevalence of severe food insecurity in the population (%)","SN.ITK.SVFI.ZS","","","","","","","","","","","","","","","","","","","","","","","","","","","","","","","","","","","","","","","","","","","","","","","","","","","","","","","","","","","","","","",
"United Kingdom","GBR","Prevalence of severe food insecurity in the population (%)","SN.ITK.SVFI.ZS","","","","","","","","","","","","","","","","","","","","","","","","","","","","","","","","","","","","","","","","","","","","","","","","","","","","","","","","1.9","2.1","1.7","1.3","0.7","1.1","",
"Georgia","GEO","Prevalence of severe food insecurity in the population (%)","SN.ITK.SVFI.ZS","","","","","","","","","","","","","","","","","","","","","","","","","","","","","","","","","","","","","","","","","","","","","","","","","","","","","","","","7","7.9","7.5","7.3","9.5","9.5","",
"Ghana","GHA","Prevalence of severe food insecurity in the population (%)","SN.ITK.SVFI.ZS","","","","","","","","","","","","","","","","","","","","","","","","","","","","","","","","","","","","","","","","","","","","","","","","","","","","","","","","5.1","6","6.9","6.2","6","5.6","",
"Gibraltar","GIB","Prevalence of severe food insecurity in the population (%)","SN.ITK.SVFI.ZS","","","","","","","","","","","","","","","","","","","","","","","","","","","","","","","","","","","","","","","","","","","","","","","","","","","","","","","","","","","","","","",
"Guinea","GIN","Prevalence of severe food insecurity in the population (%)","SN.ITK.SVFI.ZS","","","","","","","","","","","","","","","","","","","","","","","","","","","","","","","","","","","","","","","","","","","","","","","","","","","","","","","","44.3","47.1","49.7","49.7","49.7","48.9","",
"Gambia, The","GMB","Prevalence of severe food insecurity in the population (%)","SN.ITK.SVFI.ZS","","","","","","","","","","","","","","","","","","","","","","","","","","","","","","","","","","","","","","","","","","","","","","","","","","","","","","","","","23.6","23.6","24.6","25.7","27.1","",
"Guinea-Bissau","GNB","Prevalence of severe food insecurity in the population (%)","SN.ITK.SVFI.ZS","","","","","","","","","","","","","","","","","","","","","","","","","","","","","","","","","","","","","","","","","","","","","","","","","","","","","","","","","","8.3","12.5","21","29.2","",
"Equatorial Guinea","GNQ","Prevalence of severe food insecurity in the population (%)","SN.ITK.SVFI.ZS","","","","","","","","","","","","","","","","","","","","","","","","","","","","","","","","","","","","","","","","","","","","","","","","","","","","","","","","","","","","","","",
"Greece","GRC","Prevalence of severe food insecurity in the population (%)","SN.ITK.SVFI.ZS","","","","","","","","","","","","","","","","","","","","","","","","","","","","","","","","","","","","","","","","","","","","","","","","","","","","","","","","2.6","3.2","3.2","2.3","1.7","1.6","",
"Grenada","GRD","Prevalence of severe food insecurity in the population (%)","SN.ITK.SVFI.ZS","","","","","","","","","","","","","","","","","","","","","","","","","","","","","","","","","","","","","","","","","","","","","","","","","","","","","","","","","","8.3","8.3","8.3","7.5","",
"Greenland","GRL","Prevalence of severe food insecurity in the population (%)","SN.ITK.SVFI.ZS","","","","","","","","","","","","","","","","","","","","","","","","","","","","","","","","","","","","","","","","","","","","","","","","","","","","","","","","","","","","","","",
"Guatemala","GTM","Prevalence of severe food insecurity in the population (%)","SN.ITK.SVFI.ZS","","","","","","","","","","","","","","","","","","","","","","","","","","","","","","","","","","","","","","","","","","","","","","","","","","","","","","","","16.1","17","17.1","18.1","19.2","20.7","",
"Guam","GUM","Prevalence of severe food insecurity in the population (%)","SN.ITK.SVFI.ZS","","","","","","","","","","","","","","","","","","","","","","","","","","","","","","","","","","","","","","","","","","","","","","","","","","","","","","","","","","","","","","",
"Guyana","GUY","Prevalence of severe food insecurity in the population (%)","SN.ITK.SVFI.ZS","","","","","","","","","","","","","","","","","","","","","","","","","","","","","","","","","","","","","","","","","","","","","","","","","","","","","","","","","","","","","","",
"High income","HIC","Prevalence of severe food insecurity in the population (%)","SN.ITK.SVFI.ZS","","","","","","","","","","","","","","","","","","","","","","","","","","","","","","","","","","","","","","","","","","","","","","","","","","","","","","","","1.7","1.7","1.7","1.6","1.6","","",
"Hong Kong SAR, China","HKG","Prevalence of severe food insecurity in the population (%)","SN.ITK.SVFI.ZS","","","","","","","","","","","","","","","","","","","","","","","","","","","","","","","","","","","","","","","","","","","","","","","","","","","","","","","","","","","","","","",
"Honduras","HND","Prevalence of severe food insecurity in the population (%)","SN.ITK.SVFI.ZS","","","","","","","","","","","","","","","","","","","","","","","","","","","","","","","","","","","","","","","","","","","","","","","","","","","","","","","","14.2","14.1","14.1","14","14.6","17.9","",
"Heavily indebted poor countries (HIPC)","HPC","Prevalence of severe food insecurity in the population (%)","SN.ITK.SVFI.ZS","","","","","","","","","","","","","","","","","","","","","","","","","","","","","","","","","","","","","","","","","","","","","","","","","","","","","","","","","","","","","","",
"Croatia","HRV","Prevalence of severe food insecurity in the population (%)","SN.ITK.SVFI.ZS","","","","","","","","","","","","","","","","","","","","","","","","","","","","","","","","","","","","","","","","","","","","","","","","","","","","","","","","0.6","0.6","0.8","0.9","1.3","1.6","",
"Haiti","HTI","Prevalence of severe food insecurity in the population (%)","SN.ITK.SVFI.ZS","","","","","","","","","","","","","","","","","","","","","","","","","","","","","","","","","","","","","","","","","","","","","","","","","","","","","","","","","","","","48.8","45.2","",
"Hungary","HUN","Prevalence of severe food insecurity in the population (%)","SN.ITK.SVFI.ZS","","","","","","","","","","","","","","","","","","","","","","","","","","","","","","","","","","","","","","","","","","","","","","","","","","","","","","","","1.4","1.1","0.9","0.8","1.4","2.1","",
"IBRD only","IBD","Prevalence of severe food insecurity in the population (%)","SN.ITK.SVFI.ZS","","","","","","","","","","","","","","","","","","","","","","","","","","","","","","","","","","","","","","","","","","","","","","","","","","","","","","","","","","","","","","",
"IDA & IBRD total","IBT","Prevalence of severe food insecurity in the population (%)","SN.ITK.SVFI.ZS","","","","","","","","","","","","","","","","","","","","","","","","","","","","","","","","","","","","","","","","","","","","","","","","","","","","","","","","","","","","","","",
"IDA total","IDA","Prevalence of severe food insecurity in the population (%)","SN.ITK.SVFI.ZS","","","","","","","","","","","","","","","","","","","","","","","","","","","","","","","","","","","","","","","","","","","","","","","","","","","","","","","","","","","","","","",
"IDA blend","IDB","Prevalence of severe food insecurity in the population (%)","SN.ITK.SVFI.ZS","","","","","","","","","","","","","","","","","","","","","","","","","","","","","","","","","","","","","","","","","","","","","","","","","","","","","","","","","","","","","","",
"Indonesia","IDN","Prevalence of severe food insecurity in the population (%)","SN.ITK.SVFI.ZS","","","","","","","","","","","","","","","","","","","","","","","","","","","","","","","","","","","","","","","","","","","","","","","","","","","","","","","","0.7","0.9","0.9","0.8","0.7","0.7","",
"IDA only","IDX","Prevalence of severe food insecurity in the population (%)","SN.ITK.SVFI.ZS","","","","","","","","","","","","","","","","","","","","","","","","","","","","","","","","","","","","","","","","","","","","","","","","","","","","","","","","","","","","","","",
"Isle of Man","IMN","Prevalence of severe food insecurity in the population (%)","SN.ITK.SVFI.ZS","","","","","","","","","","","","","","","","","","","","","","","","","","","","","","","","","","","","","","","","","","","","","","","","","","","","","","","","","","","","","","",
"India","IND","Prevalence of severe food insecurity in the population (%)","SN.ITK.SVFI.ZS","","","","","","","","","","","","","","","","","","","","","","","","","","","","","","","","","","","","","","","","","","","","","","","","","","","","","","","","","","","","","","",
"Not classified","INX","Prevalence of severe food insecurity in the population (%)","SN.ITK.SVFI.ZS","","","","","","","","","","","","","","","","","","","","","","","","","","","","","","","","","","","","","","","","","","","","","","","","","","","","","","","","","","","","","","",
"Ireland","IRL","Prevalence of severe food insecurity in the population (%)","SN.ITK.SVFI.ZS","","","","","","","","","","","","","","","","","","","","","","","","","","","","","","","","","","","","","","","","","","","","","","","","","","","","","","","","3.4","2.8","2.9","3.5","4.3","3.2","",
"Iran, Islamic Rep.","IRN","Prevalence of severe food insecurity in the population (%)","SN.ITK.SVFI.ZS","","","","","","","","","","","","","","","","","","","","","","","","","","","","","","","","","","","","","","","","","","","","","","","","","","","","","","","","9.5","9.3","8.7","8.4","8.7","7.7","",
"Iraq","IRQ","Prevalence of severe food insecurity in the population (%)","SN.ITK.SVFI.ZS","","","","","","","","","","","","","","","","","","","","","","","","","","","","","","","","","","","","","","","","","","","","","","","","","","","","","","","","","","","","","","",
"Iceland","ISL","Prevalence of severe food insecurity in the population (%)","SN.ITK.SVFI.ZS","","","","","","","","","","","","","","","","","","","","","","","","","","","","","","","","","","","","","","","","","","","","","","","","","","","","","","","","1.7","1.7","1.5","1.5","1.5","1.3","",
"Israel","ISR","Prevalence of severe food insecurity in the population (%)","SN.ITK.SVFI.ZS","","","","","","","","","","","","","","","","","","","","","","","","","","","","","","","","","","","","","","","","","","","","","","","","","","","","","","","","1.3","1.4","1.6","1.7","1.9","2","",
"Italy","ITA","Prevalence of severe food insecurity in the population (%)","SN.ITK.SVFI.ZS","","","","","","","","","","","","","","","","","","","","","","","","","","","","","","","","","","","","","","","","","","","","","","","","","","","","","","","","1.2","1.1","1.1","1.1","1.2","1.9","",
"Jamaica","JAM","Prevalence of severe food insecurity in the population (%)","SN.ITK.SVFI.ZS","","","","","","","","","","","","","","","","","","","","","","","","","","","","","","","","","","","","","","","","","","","","","","","","","","","","","","","","25.3","24.8","24.5","23","23.3","23.1","",
"Jordan","JOR","Prevalence of severe food insecurity in the population (%)","SN.ITK.SVFI.ZS","","","","","","","","","","","","","","","","","","","","","","","","","","","","","","","","","","","","","","","","","","","","","","","","","","","","","","","","14.3","13.4","12.7","13.2","15.1","17","",
"Japan","JPN","Prevalence of severe food insecurity in the population (%)","SN.ITK.SVFI.ZS","","","","","","","","","","","","","","","","","","","","","","","","","","","","","","","","","","","","","","","","","","","","","","","","","","","","","","","","0","0","0.5","0.7","0.7","0.9","",
"Kazakhstan","KAZ","Prevalence of severe food insecurity in the population (%)","SN.ITK.SVFI.ZS","","","","","","","","","","","","","","","","","","","","","","","","","","","","","","","","","","","","","","","","","","","","","","","","","","","","","","","","","","0","0","0","0","",
"Kenya","KEN","Prevalence of severe food insecurity in the population (%)","SN.ITK.SVFI.ZS","","","","","","","","","","","","","","","","","","","","","","","","","","","","","","","","","","","","","","","","","","","","","","","","","","","","","","","","15","17.9","21.6","23.4","24.9","26.1","",
"Kyrgyz Republic","KGZ","Prevalence of severe food insecurity in the population (%)","SN.ITK.SVFI.ZS","","","","","","","","","","","","","","","","","","","","","","","","","","","","","","","","","","","","","","","","","","","","","","","","","","","","","","","","","","0.8","0.8","0.9","1","",
"Cambodia","KHM","Prevalence of severe food insecurity in the population (%)","SN.ITK.SVFI.ZS","","","","","","","","","","","","","","","","","","","","","","","","","","","","","","","","","","","","","","","","","","","","","","","","","","","","","","","","16.9","14.3","14","13.6","14","15.1","",
"Kiribati","KIR","Prevalence of severe food insecurity in the population (%)","SN.ITK.SVFI.ZS","","","","","","","","","","","","","","","","","","","","","","","","","","","","","","","","","","","","","","","","","","","","","","","","","","","","","","","","","","","8","8","8","",
"St. Kitts and Nevis","KNA","Prevalence of severe food insecurity in the population (%)","SN.ITK.SVFI.ZS","","","","","","","","","","","","","","","","","","","","","","","","","","","","","","","","","","","","","","","","","","","","","","","","","","","","","","","","8.1","8.1","8.1","8.1","7.2","6.4","",
"Korea, Rep.","KOR","Prevalence of severe food insecurity in the population (%)","SN.ITK.SVFI.ZS","","","","","","","","","","","","","","","","","","","","","","","","","","","","","","","","","","","","","","","","","","","","","","","","","","","","","","","","0","0","0","0","0.6","0.7","",
"Kuwait","KWT","Prevalence of severe food insecurity in the population (%)","SN.ITK.SVFI.ZS","","","","","","","","","","","","","","","","","","","","","","","","","","","","","","","","","","","","","","","","","","","","","","","","","","","","","","","","4.9","4.9","4.9","4.9","4.9","4.9","",
"Latin America & Caribbean (excluding high income)","LAC","Prevalence of severe food insecurity in the population (%)","SN.ITK.SVFI.ZS","","","","","","","","","","","","","","","","","","","","","","","","","","","","","","","","","","","","","","","","","","","","","","","","","","","","","","","7.6","7.3","8.9","9.9","9.5","10.1","","",
"Lao PDR","LAO","Prevalence of severe food insecurity in the population (%)","SN.ITK.SVFI.ZS","","","","","","","","","","","","","","","","","","","","","","","","","","","","","","","","","","","","","","","","","","","","","","","","","","","","","","","","","","","","8.9","8.3","",
"Lebanon","LBN","Prevalence of severe food insecurity in the population (%)","SN.ITK.SVFI.ZS","","","","","","","","","","","","","","","","","","","","","","","","","","","","","","","","","","","","","","","","","","","","","","","","","","","","","","","","","","","4.2","6.9","10.2","",
"Liberia","LBR","Prevalence of severe food insecurity in the population (%)","SN.ITK.SVFI.ZS","","","","","","","","","","","","","","","","","","","","","","","","","","","","","","","","","","","","","","","","","","","","","","","","","","","","","","","","38.6","38.4","38.3","","37.3","37.3","",
"Libya","LBY","Prevalence of severe food insecurity in the population (%)","SN.ITK.SVFI.ZS","","","","","","","","","","","","","","","","","","","","","","","","","","","","","","","","","","","","","","","","","","","","","","","","","","","","","","","","11.2","12.4","14.3","16.7","18.6","20.7","",
"St. Lucia","LCA","Prevalence of severe food insecurity in the population (%)","SN.ITK.SVFI.ZS","","","","","","","","","","","","","","","","","","","","","","","","","","","","","","","","","","","","","","","","","","","","","","","","","","","","","","","","4.5","4.5","4.5","","","","",
"Latin America & Caribbean","LCN","Prevalence of severe food insecurity in the population (%)","SN.ITK.SVFI.ZS","","","","","","","","","","","","","","","","","","","","","","","","","","","","","","","","","","","","","","","","","","","","","","","","","","","","","","","7.7","7.5","9","10","9.6","10.1","","",
"Least developed countries: UN classification","LDC","Prevalence of severe food insecurity in the population (%)","SN.ITK.SVFI.ZS","","","","","","","","","","","","","","","","","","","","","","","","","","","","","","","","","","","","","","","","","","","","","","","","","","","","","","","","","","","","","","",
"Low income","LIC","Prevalence of severe food insecurity in the population (%)","SN.ITK.SVFI.ZS","","","","","","","","","","","","","","","","","","","","","","","","","","","","","","","","","","","","","","","","","","","","","","","","","","","","","","","","23.3","24.1","24.7","25.1","26.2","","",
"Liechtenstein","LIE","Prevalence of severe food insecurity in the population (%)","SN.ITK.SVFI.ZS","","","","","","","","","","","","","","","","","","","","","","","","","","","","","","","","","","","","","","","","","","","","","","","","","","","","","","","","","","","","","","",
"Sri Lanka","LKA","Prevalence of severe food insecurity in the population (%)","SN.ITK.SVFI.ZS","","","","","","","","","","","","","","","","","","","","","","","","","","","","","","","","","","","","","","","","","","","","","","","","","","","","","","","","0.7","0.6","0.6","0.7","0.9","1.1","",
"Lower middle income","LMC","Prevalence of severe food insecurity in the population (%)","SN.ITK.SVFI.ZS","","","","","","","","","","","","","","","","","","","","","","","","","","","","","","","","","","","","","","","","","","","","","","","","","","","","","","","","12.7","12.4","13.1","14.5","16.5","","",
"Low & middle income","LMY","Prevalence of severe food insecurity in the population (%)","SN.ITK.SVFI.ZS","","","","","","","","","","","","","","","","","","","","","","","","","","","","","","","","","","","","","","","","","","","","","","","","","","","","","","","","9.19804791342122","9.38922098898898","9.90341039023544","10.9329125409472","","","",
"Lesotho","LSO","Prevalence of severe food insecurity in the population (%)","SN.ITK.SVFI.ZS","","","","","","","","","","","","","","","","","","","","","","","","","","","","","","","","","","","","","","","","","","","","","","","","","","","","","","","","","","","27","29","30.9","",
"Late-demographic dividend","LTE","Prevalence of severe food insecurity in the population (%)","SN.ITK.SVFI.ZS","","","","","","","","","","","","","","","","","","","","","","","","","","","","","","","","","","","","","","","","","","","","","","","","","","","","","","","","","","","","","","",
"Lithuania","LTU","Prevalence of severe food insecurity in the population (%)","SN.ITK.SVFI.ZS","","","","","","","","","","","","","","","","","","","","","","","","","","","","","","","","","","","","","","","","","","","","","","","","","","","","","","","","2.5","2","1.6","1.1","1.7","1.9","",
"Luxembourg","LUX","Prevalence of severe food insecurity in the population (%)","SN.ITK.SVFI.ZS","","","","","","","","","","","","","","","","","","","","","","","","","","","","","","","","","","","","","","","","","","","","","","","","","","","","","","","","1.8","1.4","0.9","0.9","0.8","0.7","",
"Latvia","LVA","Prevalence of severe food insecurity in the population (%)","SN.ITK.SVFI.ZS","","","","","","","","","","","","","","","","","","","","","","","","","","","","","","","","","","","","","","","","","","","","","","","","","","","","","","","","0.6","0.6","0.6","0.6","0.7","0.7","",
"Macao SAR, China","MAC","Prevalence of severe food insecurity in the population (%)","SN.ITK.SVFI.ZS","","","","","","","","","","","","","","","","","","","","","","","","","","","","","","","","","","","","","","","","","","","","","","","","","","","","","","","","","","","","","","",
"St. Martin (French part)","MAF","Prevalence of severe food insecurity in the population (%)","SN.ITK.SVFI.ZS","","","","","","","","","","","","","","","","","","","","","","","","","","","","","","","","","","","","","","","","","","","","","","","","","","","","","","","","","","","","","","",
"Morocco","MAR","Prevalence of severe food insecurity in the population (%)","SN.ITK.SVFI.ZS","","","","","","","","","","","","","","","","","","","","","","","","","","","","","","","","","","","","","","","","","","","","","","","","","","","","","","","","6","5.1","5.7","6","7.1","9.7","",
"Monaco","MCO","Prevalence of severe food insecurity in the population (%)","SN.ITK.SVFI.ZS","","","","","","","","","","","","","","","","","","","","","","","","","","","","","","","","","","","","","","","","","","","","","","","","","","","","","","","","","","","","","","",
"Moldova","MDA","Prevalence of severe food insecurity in the population (%)","SN.ITK.SVFI.ZS","","","","","","","","","","","","","","","","","","","","","","","","","","","","","","","","","","","","","","","","","","","","","","","","","","","","","","","","1.6","2.2","2.9","4","4.5","4.9","",
"Madagascar","MDG","Prevalence of severe food insecurity in the population (%)","SN.ITK.SVFI.ZS","","","","","","","","","","","","","","","","","","","","","","","","","","","","","","","","","","","","","","","","","","","","","","","","","","","","","","","","","","","9.5","9.9","10.3","",
"Maldives","MDV","Prevalence of severe food insecurity in the population (%)","SN.ITK.SVFI.ZS","","","","","","","","","","","","","","","","","","","","","","","","","","","","","","","","","","","","","","","","","","","","","","","","","","","","","","","","","","","","","2.2","",
"Middle East & North Africa","MEA","Prevalence of severe food insecurity in the population (%)","SN.ITK.SVFI.ZS","","","","","","","","","","","","","","","","","","","","","","","","","","","","","","","","","","","","","","","","","","","","","","","","","","","","","","","9.7","9.5","10.1","10.1","9.4","8.9","","",
"Mexico","MEX","Prevalence of severe food insecurity in the population (%)","SN.ITK.SVFI.ZS","","","","","","","","","","","","","","","","","","","","","","","","","","","","","","","","","","","","","","","","","","","","","","","","","","","","","","","","3.6","3.3","3.3","3.7","3.9","3.7","",
"Marshall Islands","MHL","Prevalence of severe food insecurity in the population (%)","SN.ITK.SVFI.ZS","","","","","","","","","","","","","","","","","","","","","","","","","","","","","","","","","","","","","","","","","","","","","","","","","","","","","","","","","","","","","","",
"Middle income","MIC","Prevalence of severe food insecurity in the population (%)","SN.ITK.SVFI.ZS","","","","","","","","","","","","","","","","","","","","","","","","","","","","","","","","","","","","","","","","","","","","","","","","","","","","","","","","8.13250295570959","8.14263861872458","8.66620789120255","9.7804454659944","","","",
"North Macedonia","MKD","Prevalence of severe food insecurity in the population (%)","SN.ITK.SVFI.ZS","","","","","","","","","","","","","","","","","","","","","","","","","","","","","","","","","","","","","","","","","","","","","","","","","","","","","","","","3.6","3.1","3.1","3.2","5","6","",
"Mali","MLI","Prevalence of severe food insecurity in the population (%)","SN.ITK.SVFI.ZS","","","","","","","","","","","","","","","","","","","","","","","","","","","","","","","","","","","","","","","","","","","","","","","","","","","","","","","","","","","","","","",
"Malta","MLT","Prevalence of severe food insecurity in the population (%)","SN.ITK.SVFI.ZS","","","","","","","","","","","","","","","","","","","","","","","","","","","","","","","","","","","","","","","","","","","","","","","","","","","","","","","","1.5","1.4","1","0.8","0.9","1.4","",
"Myanmar","MMR","Prevalence of severe food insecurity in the population (%)","SN.ITK.SVFI.ZS","","","","","","","","","","","","","","","","","","","","","","","","","","","","","","","","","","","","","","","","","","","","","","","","","","","","","","","","","","","","1.9","3.7","",
"Middle East & North Africa (excluding high income)","MNA","Prevalence of severe food insecurity in the population (%)","SN.ITK.SVFI.ZS","","","","","","","","","","","","","","","","","","","","","","","","","","","","","","","","","","","","","","","","","","","","","","","","","","","","","","","10.1","10.1","10.7","10.6","9.8","9.2","","",
"Montenegro","MNE","Prevalence of severe food insecurity in the population (%)","SN.ITK.SVFI.ZS","","","","","","","","","","","","","","","","","","","","","","","","","","","","","","","","","","","","","","","","","","","","","","","","","","","","","","","","2.1","2.2","2.3","2.2","2.8","3.4","",
"Mongolia","MNG","Prevalence of severe food insecurity in the population (%)","SN.ITK.SVFI.ZS","","","","","","","","","","","","","","","","","","","","","","","","","","","","","","","","","","","","","","","","","","","","","","","","","","","","","","","","3.4","5.1","5.9","5.9","4.9","5","",
"Northern Mariana Islands","MNP","Prevalence of severe food insecurity in the population (%)","SN.ITK.SVFI.ZS","","","","","","","","","","","","","","","","","","","","","","","","","","","","","","","","","","","","","","","","","","","","","","","","","","","","","","","","","","","","","","",
"Mozambique","MOZ","Prevalence of severe food insecurity in the population (%)","SN.ITK.SVFI.ZS","","","","","","","","","","","","","","","","","","","","","","","","","","","","","","","","","","","","","","","","","","","","","","","","","","","","","","","","","","40.7","40.7","40.5","40.4","",
"Mauritania","MRT","Prevalence of severe food insecurity in the population (%)","SN.ITK.SVFI.ZS","","","","","","","","","","","","","","","","","","","","","","","","","","","","","","","","","","","","","","","","","","","","","","","","","","","","","","","","4.6","5","5.5","5.9","6.6","7.2","",
"Mauritius","MUS","Prevalence of severe food insecurity in the population (%)","SN.ITK.SVFI.ZS","","","","","","","","","","","","","","","","","","","","","","","","","","","","","","","","","","","","","","","","","","","","","","","","","","","","","","","","5.2","5.9","6.3","6.8","8.3","9.1","",
"Malawi","MWI","Prevalence of severe food insecurity in the population (%)","SN.ITK.SVFI.ZS","","","","","","","","","","","","","","","","","","","","","","","","","","","","","","","","","","","","","","","","","","","","","","","","","","","","","","","","47.7","48.5","49.7","48.3","49.5","51","",
"Malaysia","MYS","Prevalence of severe food insecurity in the population (%)","SN.ITK.SVFI.ZS","","","","","","","","","","","","","","","","","","","","","","","","","","","","","","","","","","","","","","","","","","","","","","","","","","","","","","","","7.8","6.7","6.7","6.7","6.6","6.3","",
"North America","NAC","Prevalence of severe food insecurity in the population (%)","SN.ITK.SVFI.ZS","","","","","","","","","","","","","","","","","","","","","","","","","","","","","","","","","","","","","","","","","","","","","","","","","","","","","","","1","1","1","0.8","0.8","0.8","","",
"Namibia","NAM","Prevalence of severe food insecurity in the population (%)","SN.ITK.SVFI.ZS","","","","","","","","","","","","","","","","","","","","","","","","","","","","","","","","","","","","","","","","","","","","","","","","","","","","","","","","28.9","29.6","30.5","31.3","32.1","32.6","",
"New Caledonia","NCL","Prevalence of severe food insecurity in the population (%)","SN.ITK.SVFI.ZS","","","","","","","","","","","","","","","","","","","","","","","","","","","","","","","","","","","","","","","","","","","","","","","","","","","","","","","","","","","","","","",
"Niger","NER","Prevalence of severe food insecurity in the population (%)","SN.ITK.SVFI.ZS","","","","","","","","","","","","","","","","","","","","","","","","","","","","","","","","","","","","","","","","","","","","","","","","","","","","","","","","","","10","11.9","16.6","","",
"Nigeria","NGA","Prevalence of severe food insecurity in the population (%)","SN.ITK.SVFI.ZS","","","","","","","","","","","","","","","","","","","","","","","","","","","","","","","","","","","","","","","","","","","","","","","","","","","","","","","","11","12.3","13.6","15.1","17.3","19.1","",
"Nicaragua","NIC","Prevalence of severe food insecurity in the population (%)","SN.ITK.SVFI.ZS","","","","","","","","","","","","","","","","","","","","","","","","","","","","","","","","","","","","","","","","","","","","","","","","","","","","","","","","","","","","","","",
"Netherlands","NLD","Prevalence of severe food insecurity in the population (%)","SN.ITK.SVFI.ZS","","","","","","","","","","","","","","","","","","","","","","","","","","","","","","","","","","","","","","","","","","","","","","","","","","","","","","","","1.5","1.7","1.5","1.7","1.4","1.4","",
"Norway","NOR","Prevalence of severe food insecurity in the population (%)","SN.ITK.SVFI.ZS","","","","","","","","","","","","","","","","","","","","","","","","","","","","","","","","","","","","","","","","","","","","","","","","","","","","","","","","1.1","1.2","1.1","1.1","1","1","",
"Nepal","NPL","Prevalence of severe food insecurity in the population (%)","SN.ITK.SVFI.ZS","","","","","","","","","","","","","","","","","","","","","","","","","","","","","","","","","","","","","","","","","","","","","","","","","","","","","","","","10.4","9.6","9.6","10.3","12","13.6","",
"Nauru","NRU","Prevalence of severe food insecurity in the population (%)","SN.ITK.SVFI.ZS","","","","","","","","","","","","","","","","","","","","","","","","","","","","","","","","","","","","","","","","","","","","","","","","","","","","","","","","","","","","","","",
"New Zealand","NZL","Prevalence of severe food insecurity in the population (%)","SN.ITK.SVFI.ZS","","","","","","","","","","","","","","","","","","","","","","","","","","","","","","","","","","","","","","","","","","","","","","","","","","","","","","","","2.8","3.3","4.2","4.4","3.9","3.5","",
"OECD members","OED","Prevalence of severe food insecurity in the population (%)","SN.ITK.SVFI.ZS","","","","","","","","","","","","","","","","","","","","","","","","","","","","","","","","","","","","","","","","","","","","","","","","","","","","","","","","","","","","","","",
"Oman","OMN","Prevalence of severe food insecurity in the population (%)","SN.ITK.SVFI.ZS","","","","","","","","","","","","","","","","","","","","","","","","","","","","","","","","","","","","","","","","","","","","","","","","","","","","","","","","","","","","","","",
"Other small states","OSS","Prevalence of severe food insecurity in the population (%)","SN.ITK.SVFI.ZS","","","","","","","","","","","","","","","","","","","","","","","","","","","","","","","","","","","","","","","","","","","","","","","","","","","","","","","","","","","","","","",
"Pakistan","PAK","Prevalence of severe food insecurity in the population (%)","SN.ITK.SVFI.ZS","","","","","","","","","","","","","","","","","","","","","","","","","","","","","","","","","","","","","","","","","","","","","","","","","","","","","","","","0.9","0.8","1.3","1.6","4.8","8.7","",
"Panama","PAN","Prevalence of severe food insecurity in the population (%)","SN.ITK.SVFI.ZS","","","","","","","","","","","","","","","","","","","","","","","","","","","","","","","","","","","","","","","","","","","","","","","","","","","","","","","","","","","","","","",
"Peru","PER","Prevalence of severe food insecurity in the population (%)","SN.ITK.SVFI.ZS","","","","","","","","","","","","","","","","","","","","","","","","","","","","","","","","","","","","","","","","","","","","","","","","","","","","","","","","13.5","16.7","16.6","18","19.2","20.5","",
"Philippines","PHL","Prevalence of severe food insecurity in the population (%)","SN.ITK.SVFI.ZS","","","","","","","","","","","","","","","","","","","","","","","","","","","","","","","","","","","","","","","","","","","","","","","","","","","","","","","","","","","3.2","4","4.8","",
"Palau","PLW","Prevalence of severe food insecurity in the population (%)","SN.ITK.SVFI.ZS","","","","","","","","","","","","","","","","","","","","","","","","","","","","","","","","","","","","","","","","","","","","","","","","","","","","","","","","","","","","","","",
"Papua New Guinea","PNG","Prevalence of severe food insecurity in the population (%)","SN.ITK.SVFI.ZS","","","","","","","","","","","","","","","","","","","","","","","","","","","","","","","","","","","","","","","","","","","","","","","","","","","","","","","","","","","","","","",
"Poland","POL","Prevalence of severe food insecurity in the population (%)","SN.ITK.SVFI.ZS","","","","","","","","","","","","","","","","","","","","","","","","","","","","","","","","","","","","","","","","","","","","","","","","","","","","","","","","1.8","1.2","0.7","0","0","0.9","",
"Pre-demographic dividend","PRE","Prevalence of severe food insecurity in the population (%)","SN.ITK.SVFI.ZS","","","","","","","","","","","","","","","","","","","","","","","","","","","","","","","","","","","","","","","","","","","","","","","","","","","","","","","","","","","","","","",
"Puerto Rico","PRI","Prevalence of severe food insecurity in the population (%)","SN.ITK.SVFI.ZS","","","","","","","","","","","","","","","","","","","","","","","","","","","","","","","","","","","","","","","","","","","","","","","","","","","","","","","","","","","","","","",
"Korea, Dem. People's Rep.","PRK","Prevalence of severe food insecurity in the population (%)","SN.ITK.SVFI.ZS","","","","","","","","","","","","","","","","","","","","","","","","","","","","","","","","","","","","","","","","","","","","","","","","","","","","","","","","","","","","","","",
"Portugal","PRT","Prevalence of severe food insecurity in the population (%)","SN.ITK.SVFI.ZS","","","","","","","","","","","","","","","","","","","","","","","","","","","","","","","","","","","","","","","","","","","","","","","","","","","","","","","","4.1","3.5","3.2","2.9","3.2","3.2","",
"Paraguay","PRY","Prevalence of severe food insecurity in the population (%)","SN.ITK.SVFI.ZS","","","","","","","","","","","","","","","","","","","","","","","","","","","","","","","","","","","","","","","","","","","","","","","","","","","","","","","","1.2","1.5","2.6","4.1","5.2","5.6","",
"West Bank and Gaza","PSE","Prevalence of severe food insecurity in the population (%)","SN.ITK.SVFI.ZS","","","","","","","","","","","","","","","","","","","","","","","","","","","","","","","","","","","","","","","","","","","","","","","","","","","","","","","","","","4.4","4.2","3.8","3.5","",
"Pacific island small states","PSS","Prevalence of severe food insecurity in the population (%)","SN.ITK.SVFI.ZS","","","","","","","","","","","","","","","","","","","","","","","","","","","","","","","","","","","","","","","","","","","","","","","","","","","","","","","","","","","","","","",
"Post-demographic dividend","PST","Prevalence of severe food insecurity in the population (%)","SN.ITK.SVFI.ZS","","","","","","","","","","","","","","","","","","","","","","","","","","","","","","","","","","","","","","","","","","","","","","","","","","","","","","","","","","","","","","",
"French Polynesia","PYF","Prevalence of severe food insecurity in the population (%)","SN.ITK.SVFI.ZS","","","","","","","","","","","","","","","","","","","","","","","","","","","","","","","","","","","","","","","","","","","","","","","","","","","","","","","","","","","","","","",
"Qatar","QAT","Prevalence of severe food insecurity in the population (%)","SN.ITK.SVFI.ZS","","","","","","","","","","","","","","","","","","","","","","","","","","","","","","","","","","","","","","","","","","","","","","","","","","","","","","","","","","","","","","",
"Romania","ROU","Prevalence of severe food insecurity in the population (%)","SN.ITK.SVFI.ZS","","","","","","","","","","","","","","","","","","","","","","","","","","","","","","","","","","","","","","","","","","","","","","","","","","","","","","","","5.6","4.8","4","3.4","3.4","3.7","",
"Russian Federation","RUS","Prevalence of severe food insecurity in the population (%)","SN.ITK.SVFI.ZS","","","","","","","","","","","","","","","","","","","","","","","","","","","","","","","","","","","","","","","","","","","","","","","","","","","","","","","","0.7","0.7","0.6","0","0","0","",
"Rwanda","RWA","Prevalence of severe food insecurity in the population (%)","SN.ITK.SVFI.ZS","","","","","","","","","","","","","","","","","","","","","","","","","","","","","","","","","","","","","","","","","","","","","","","","","","","","","","","","","","","","","","",
"South Asia","SAS","Prevalence of severe food insecurity in the population (%)","SN.ITK.SVFI.ZS","","","","","","","","","","","","","","","","","","","","","","","","","","","","","","","","","","","","","","","","","","","","","","","","","","","","","","","16.2","15","13.3","13.5","17.2","18.7","","",
"Saudi Arabia","SAU","Prevalence of severe food insecurity in the population (%)","SN.ITK.SVFI.ZS","","","","","","","","","","","","","","","","","","","","","","","","","","","","","","","","","","","","","","","","","","","","","","","","","","","","","","","","","","","","","","",
"Sudan","SDN","Prevalence of severe food insecurity in the population (%)","SN.ITK.SVFI.ZS","","","","","","","","","","","","","","","","","","","","","","","","","","","","","","","","","","","","","","","","","","","","","","","","","","","","","","","","13.4","14.4","15.4","16.4","16.8","17.4","",
"Senegal","SEN","Prevalence of severe food insecurity in the population (%)","SN.ITK.SVFI.ZS","","","","","","","","","","","","","","","","","","","","","","","","","","","","","","","","","","","","","","","","","","","","","","","","","","","","","","","","7.5","7.2","7","8.7","10","11.2","",
"Singapore","SGP","Prevalence of severe food insecurity in the population (%)","SN.ITK.SVFI.ZS","","","","","","","","","","","","","","","","","","","","","","","","","","","","","","","","","","","","","","","","","","","","","","","","","","","","","","","","1","1.2","1.4","1.4","0.9","0.7","",
"Solomon Islands","SLB","Prevalence of severe food insecurity in the population (%)","SN.ITK.SVFI.ZS","","","","","","","","","","","","","","","","","","","","","","","","","","","","","","","","","","","","","","","","","","","","","","","","","","","","","","","","","","","","","","",
"Sierra Leone","SLE","Prevalence of severe food insecurity in the population (%)","SN.ITK.SVFI.ZS","","","","","","","","","","","","","","","","","","","","","","","","","","","","","","","","","","","","","","","","","","","","","","","","","","","","","","","","26.7","31.9","32.6","32.4","32.2","31.5","",
"El Salvador","SLV","Prevalence of severe food insecurity in the population (%)","SN.ITK.SVFI.ZS","","","","","","","","","","","","","","","","","","","","","","","","","","","","","","","","","","","","","","","","","","","","","","","","","","","","","","","","13.8","13.7","14","14.6","15.1","14.7","",
"San Marino","SMR","Prevalence of severe food insecurity in the population (%)","SN.ITK.SVFI.ZS","","","","","","","","","","","","","","","","","","","","","","","","","","","","","","","","","","","","","","","","","","","","","","","","","","","","","","","","","","","","","","",
"Somalia","SOM","Prevalence of severe food insecurity in the population (%)","SN.ITK.SVFI.ZS","","","","","","","","","","","","","","","","","","","","","","","","","","","","","","","","","","","","","","","","","","","","","","","","","","","","","","","","","","","","","41.6","",
"Serbia","SRB","Prevalence of severe food insecurity in the population (%)","SN.ITK.SVFI.ZS","","","","","","","","","","","","","","","","","","","","","","","","","","","","","","","","","","","","","","","","","","","","","","","","","","","","","","","","1.7","2.3","1.9","2","2.6","3.8","",
"Sub-Saharan Africa (excluding high income)","SSA","Prevalence of severe food insecurity in the population (%)","SN.ITK.SVFI.ZS","","","","","","","","","","","","","","","","","","","","","","","","","","","","","","","","","","","","","","","","","","","","","","","","","","","","","","","19.2","20.2","21.7","22.5","23","24.6","","",
"South Sudan","SSD","Prevalence of severe food insecurity in the population (%)","SN.ITK.SVFI.ZS","","","","","","","","","","","","","","","","","","","","","","","","","","","","","","","","","","","","","","","","","","","","","","","","","","","","","","","","","","65.4","63.7","63","62.3","",
"Sub-Saharan Africa","SSF","Prevalence of severe food insecurity in the population (%)","SN.ITK.SVFI.ZS","","","","","","","","","","","","","","","","","","","","","","","","","","","","","","","","","","","","","","","","","","","","","","","","","","","","","","","19.2","20.1","21.6","22.5","22.9","24.6","","",
"Small states","SST","Prevalence of severe food insecurity in the population (%)","SN.ITK.SVFI.ZS","","","","","","","","","","","","","","","","","","","","","","","","","","","","","","","","","","","","","","","","","","","","","","","","","","","","","","","","","","","","","","",
"Sao Tome and Principe","STP","Prevalence of severe food insecurity in the population (%)","SN.ITK.SVFI.ZS","","","","","","","","","","","","","","","","","","","","","","","","","","","","","","","","","","","","","","","","","","","","","","","","","","","","","","","","","","","","","14.1","",
"Suriname","SUR","Prevalence of severe food insecurity in the population (%)","SN.ITK.SVFI.ZS","","","","","","","","","","","","","","","","","","","","","","","","","","","","","","","","","","","","","","","","","","","","","","","","","","","","","","","","","","","","","7.2","",
"Slovak Republic","SVK","Prevalence of severe food insecurity in the population (%)","SN.ITK.SVFI.ZS","","","","","","","","","","","","","","","","","","","","","","","","","","","","","","","","","","","","","","","","","","","","","","","","","","","","","","","","1.1","0.9","0.9","0.8","1.1","1.6","",
"Slovenia","SVN","Prevalence of severe food insecurity in the population (%)","SN.ITK.SVFI.ZS","","","","","","","","","","","","","","","","","","","","","","","","","","","","","","","","","","","","","","","","","","","","","","","","","","","","","","","","0.9","0.8","0.6","0","0","0.6","",
"Sweden","SWE","Prevalence of severe food insecurity in the population (%)","SN.ITK.SVFI.ZS","","","","","","","","","","","","","","","","","","","","","","","","","","","","","","","","","","","","","","","","","","","","","","","","","","","","","","","","0.8","1","1","1.2","1.2","1.3","",
"Eswatini","SWZ","Prevalence of severe food insecurity in the population (%)","SN.ITK.SVFI.ZS","","","","","","","","","","","","","","","","","","","","","","","","","","","","","","","","","","","","","","","","","","","","","","","","","","","","","","","","","","","","","18.3","",
"Sint Maarten (Dutch part)","SXM","Prevalence of severe food insecurity in the population (%)","SN.ITK.SVFI.ZS","","","","","","","","","","","","","","","","","","","","","","","","","","","","","","","","","","","","","","","","","","","","","","","","","","","","","","","","","","","","","","",
"Seychelles","SYC","Prevalence of severe food insecurity in the population (%)","SN.ITK.SVFI.ZS","","","","","","","","","","","","","","","","","","","","","","","","","","","","","","","","","","","","","","","","","","","","","","","","","","","","","","","","3.2","3.2","3.2","","","","",
"Syrian Arab Republic","SYR","Prevalence of severe food insecurity in the population (%)","SN.ITK.SVFI.ZS","","","","","","","","","","","","","","","","","","","","","","","","","","","","","","","","","","","","","","","","","","","","","","","","","","","","","","","","","","","","","","",
"Turks and Caicos Islands","TCA","Prevalence of severe food insecurity in the population (%)","SN.ITK.SVFI.ZS","","","","","","","","","","","","","","","","","","","","","","","","","","","","","","","","","","","","","","","","","","","","","","","","","","","","","","","","","","","","","","",
"Chad","TCD","Prevalence of severe food insecurity in the population (%)","SN.ITK.SVFI.ZS","","","","","","","","","","","","","","","","","","","","","","","","","","","","","","","","","","","","","","","","","","","","","","","","","","","","","","","","","","","","","","",
"East Asia & Pacific (IDA & IBRD countries)","TEA","Prevalence of severe food insecurity in the population (%)","SN.ITK.SVFI.ZS","","","","","","","","","","","","","","","","","","","","","","","","","","","","","","","","","","","","","","","","","","","","","","","","","","","","","","","","","","","","","","",
"Europe & Central Asia (IDA & IBRD countries)","TEC","Prevalence of severe food insecurity in the population (%)","SN.ITK.SVFI.ZS","","","","","","","","","","","","","","","","","","","","","","","","","","","","","","","","","","","","","","","","","","","","","","","","","","","","","","","","","","","","","","",
"Togo","TGO","Prevalence of severe food insecurity in the population (%)","SN.ITK.SVFI.ZS","","","","","","","","","","","","","","","","","","","","","","","","","","","","","","","","","","","","","","","","","","","","","","","","","","","","","","","","16.1","16.3","15.8","16.9","17.2","18.8","",
"Thailand","THA","Prevalence of severe food insecurity in the population (%)","SN.ITK.SVFI.ZS","","","","","","","","","","","","","","","","","","","","","","","","","","","","","","","","","","","","","","","","","","","","","","","","","","","","","","","","4.2","5.8","7.2","7.7","8.5","10.5","",
"Tajikistan","TJK","Prevalence of severe food insecurity in the population (%)","SN.ITK.SVFI.ZS","","","","","","","","","","","","","","","","","","","","","","","","","","","","","","","","","","","","","","","","","","","","","","","","","","","","","","","","","","","","","","",
"Turkmenistan","TKM","Prevalence of severe food insecurity in the population (%)","SN.ITK.SVFI.ZS","","","","","","","","","","","","","","","","","","","","","","","","","","","","","","","","","","","","","","","","","","","","","","","","","","","","","","","","","","","","","","",
"Latin America & the Caribbean (IDA & IBRD countries)","TLA","Prevalence of severe food insecurity in the population (%)","SN.ITK.SVFI.ZS","","","","","","","","","","","","","","","","","","","","","","","","","","","","","","","","","","","","","","","","","","","","","","","","","","","","","","","","","","","","","","",
"Timor-Leste","TLS","Prevalence of severe food insecurity in the population (%)","SN.ITK.SVFI.ZS","","","","","","","","","","","","","","","","","","","","","","","","","","","","","","","","","","","","","","","","","","","","","","","","","","","","","","","","","","","","","","",
"Middle East & North Africa (IDA & IBRD countries)","TMN","Prevalence of severe food insecurity in the population (%)","SN.ITK.SVFI.ZS","","","","","","","","","","","","","","","","","","","","","","","","","","","","","","","","","","","","","","","","","","","","","","","","","","","","","","","","","","","","","","",
"Tonga","TON","Prevalence of severe food insecurity in the population (%)","SN.ITK.SVFI.ZS","","","","","","","","","","","","","","","","","","","","","","","","","","","","","","","","","","","","","","","","","","","","","","","","","","","","","","","","","","","6","6","6","",
"South Asia (IDA & IBRD)","TSA","Prevalence of severe food insecurity in the population (%)","SN.ITK.SVFI.ZS","","","","","","","","","","","","","","","","","","","","","","","","","","","","","","","","","","","","","","","","","","","","","","","","","","","","","","","","","","","","","","",
"Sub-Saharan Africa (IDA & IBRD countries)","TSS","Prevalence of severe food insecurity in the population (%)","SN.ITK.SVFI.ZS","","","","","","","","","","","","","","","","","","","","","","","","","","","","","","","","","","","","","","","","","","","","","","","","","","","","","","","","","","","","","","",
"Trinidad and Tobago","TTO","Prevalence of severe food insecurity in the population (%)","SN.ITK.SVFI.ZS","","","","","","","","","","","","","","","","","","","","","","","","","","","","","","","","","","","","","","","","","","","","","","","","","","","","","","","","","","","","","10.2","",
"Tunisia","TUN","Prevalence of severe food insecurity in the population (%)","SN.ITK.SVFI.ZS","","","","","","","","","","","","","","","","","","","","","","","","","","","","","","","","","","","","","","","","","","","","","","","","","","","","","","","","9.1","9.3","9.1","9.7","10.7","12.6","",
"Turkiye","TUR","Prevalence of severe food insecurity in the population (%)","SN.ITK.SVFI.ZS","","","","","","","","","","","","","","","","","","","","","","","","","","","","","","","","","","","","","","","","","","","","","","","","","","","","","","","","","","","","","","",
"Tuvalu","TUV","Prevalence of severe food insecurity in the population (%)","SN.ITK.SVFI.ZS","","","","","","","","","","","","","","","","","","","","","","","","","","","","","","","","","","","","","","","","","","","","","","","","","","","","","","","","","","","","","","",
"Tanzania","TZA","Prevalence of severe food insecurity in the population (%)","SN.ITK.SVFI.ZS","","","","","","","","","","","","","","","","","","","","","","","","","","","","","","","","","","","","","","","","","","","","","","","","","","","","","","","","20.6","24.8","25.6","25","24.4","25.8","",
"Uganda","UGA","Prevalence of severe food insecurity in the population (%)","SN.ITK.SVFI.ZS","","","","","","","","","","","","","","","","","","","","","","","","","","","","","","","","","","","","","","","","","","","","","","","","","","","","","","","","19.2","22.3","24.5","24.4","23.3","23.2","",
"Ukraine","UKR","Prevalence of severe food insecurity in the population (%)","SN.ITK.SVFI.ZS","","","","","","","","","","","","","","","","","","","","","","","","","","","","","","","","","","","","","","","","","","","","","","","","","","","","","","","","2","2.2","2","1.6","2.5","3.2","",
"Upper middle income","UMC","Prevalence of severe food insecurity in the population (%)","SN.ITK.SVFI.ZS","","","","","","","","","","","","","","","","","","","","","","","","","","","","","","","","","","","","","","","","","","","","","","","","","","","","","","","","3.4","3.8","4.2","4.3","4.7","","",
"Uruguay","URY","Prevalence of severe food insecurity in the population (%)","SN.ITK.SVFI.ZS","","","","","","","","","","","","","","","","","","","","","","","","","","","","","","","","","","","","","","","","","","","","","","","","","","","","","","","","6.8","7.6","7.4","6.4","6.7","7.3","",
"United States","USA","Prevalence of severe food insecurity in the population (%)","SN.ITK.SVFI.ZS","","","","","","","","","","","","","","","","","","","","","","","","","","","","","","","","","","","","","","","","","","","","","","","","","","","","","","","","1.1","1","0.9","0.8","0.8","0.7","",
"Uzbekistan","UZB","Prevalence of severe food insecurity in the population (%)","SN.ITK.SVFI.ZS","","","","","","","","","","","","","","","","","","","","","","","","","","","","","","","","","","","","","","","","","","","","","","","","","","","","","","","","1.9","2.1","2.2","2.8","4","5.6","",
"St. Vincent and the Grenadines","VCT","Prevalence of severe food insecurity in the population (%)","SN.ITK.SVFI.ZS","","","","","","","","","","","","","","","","","","","","","","","","","","","","","","","","","","","","","","","","","","","","","","","","","","","","","","","","","","10.3","10.3","10.3","10.3","",
"Venezuela, RB","VEN","Prevalence of severe food insecurity in the population (%)","SN.ITK.SVFI.ZS","","","","","","","","","","","","","","","","","","","","","","","","","","","","","","","","","","","","","","","","","","","","","","","","","","","","","","","","","","","","","","",
"British Virgin Islands","VGB","Prevalence of severe food insecurity in the population (%)","SN.ITK.SVFI.ZS","","","","","","","","","","","","","","","","","","","","","","","","","","","","","","","","","","","","","","","","","","","","","","","","","","","","","","","","","","","","","","",
"Virgin Islands (U.S.)","VIR","Prevalence of severe food insecurity in the population (%)","SN.ITK.SVFI.ZS","","","","","","","","","","","","","","","","","","","","","","","","","","","","","","","","","","","","","","","","","","","","","","","","","","","","","","","","","","","","","","",
"Vietnam","VNM","Prevalence of severe food insecurity in the population (%)","SN.ITK.SVFI.ZS","","","","","","","","","","","","","","","","","","","","","","","","","","","","","","","","","","","","","","","","","","","","","","","","","","","","","","","","","","0","0","0.5","0.6","",
"Vanuatu","VUT","Prevalence of severe food insecurity in the population (%)","SN.ITK.SVFI.ZS","","","","","","","","","","","","","","","","","","","","","","","","","","","","","","","","","","","","","","","","","","","","","","","","","","","","","","","","","","","2.4","2.4","2.4","",
"World","WLD","Prevalence of severe food insecurity in the population (%)","SN.ITK.SVFI.ZS","","","","","","","","","","","","","","","","","","","","","","","","","","","","","","","","","","","","","","","","","","","","","","","","","","","","","","","","8.2","8.4","8.9","9.5","10.5","","",
"Samoa","WSM","Prevalence of severe food insecurity in the population (%)","SN.ITK.SVFI.ZS","","","","","","","","","","","","","","","","","","","","","","","","","","","","","","","","","","","","","","","","","","","","","","","","","","","","","","","","","","3.4","3.4","3.4","3.4","",
"Kosovo","XKX","Prevalence of severe food insecurity in the population (%)","SN.ITK.SVFI.ZS","","","","","","","","","","","","","","","","","","","","","","","","","","","","","","","","","","","","","","","","","","","","","","","","","","","","","","","","","","","","","","",
"Yemen, Rep.","YEM","Prevalence of severe food insecurity in the population (%)","SN.ITK.SVFI.ZS","","","","","","","","","","","","","","","","","","","","","","","","","","","","","","","","","","","","","","","","","","","","","","","","","","","","","","","","","","","","","","",
"South Africa","ZAF","Prevalence of severe food insecurity in the population (%)","SN.ITK.SVFI.ZS","","","","","","","","","","","","","","","","","","","","","","","","","","","","","","","","","","","","","","","","","","","","","","","","","","","","","","","","","","","6.9","7.5","8","",
"Zambia","ZMB","Prevalence of severe food insecurity in the population (%)","SN.ITK.SVFI.ZS","","","","","","","","","","","","","","","","","","","","","","","","","","","","","","","","","","","","","","","","","","","","","","","","","","","","","","","","22.4","23.8","24.1","26.2","28.2","32.6","",
"Zimbabwe","ZWE","Prevalence of severe food insecurity in the population (%)","SN.ITK.SVFI.ZS","","","","","","","","","","","","","","","","","","","","","","","","","","","","","","","","","","","","","","","","","","","","","","","","","","","","","","","","35.5","36.7","35.9","34.2","32.1","31.3","",
